Workbook

Sheet Параметры
B2: ДЗ № 2 по курсу «Постреляционные базы данных», 2026 г.
B3: Вариант 5: индекс №1 = GIN, индекс №2 = BRIN. Пермяков Д. К.
B5: Предметная область | C5: Детская спортивная школа
B6: Таблица 1 (tab1, внешняя) | C6: students (ученики)
B7: Индексное поле tab1 | C7: disciplines TEXT[] — GIN-индекс
B8: Таблица 2 (tab2, подзапрос) | C8: trainings (журнал тренировок)
B9: Индексное поле tab2 | C9: training_date TIMESTAMP — BRIN-индекс
B10: Целевое значение GIN | C10: 'Футбол' (доля sel1 учеников)
B11: Целевое значение BRIN | C11: интервал длиной sel2 % от 5-летнего периода
B13: Базовый запрос | C13: SELECT * FROM students s WHERE s.disciplines && ARRAY(SELECT DISTINCT t.discipline FROM trainings t WHERE t.training_date BETWEEN :d1 AND :d2);
B15: Контрольная БД | C15: sport_school_noidx
B16: БД с индексами | C16: sport_school_idx
B17: Период данных | C17: 2021-01-01 … 2025-12-31 (1827 дней)
B18: Повторов одного измерения | C18: 5
... B22: Серия 3.3 | C22: Фикс: sel1=sel2=10%; Варьируется: n ∈ {100, 1000, 10 000, 100 000, 1 000 000}
B24: Условные обозначения:
B25: cost (USD) | C25: Суммарная стоимость плана (Total Cost), EXPLAIN
B26: t_i (мс) | C26: Реальное Execution time из EXPLAIN ANALYZE, i = 1..5
B27: avg (мс) | C27: Среднее по 5 запускам = AVERAGE(t1:t5)
B28: σ (мс) | C28: Среднеквадратичное отклонение = STDEV(t1:t5)

Sheet 3.1 — sel подзапроса
A1: Серия: 3.1 — sel подзапроса
A2: Зафиксировано: n_students = 1000, n_trainings = 1000, sel1 = 10 %
A4: С индексами (GIN + BRIN)
A5: № | B5: sel2, % | C5: t1, мс | D5: t2, мс | E5: t3, мс | F5: t4, мс | G5: t5, мс | H5: avg, мс | I5: σ, мс | J5: cost
A6: 1 | B6: 1 | C6: 0.267 | D6: 0.252 | E6: 0.254 | F6: 0.25 | G6: 0.247 | H6: =IFERROR(AVERAGE(C6:G6),"") -> 0.254 | I6: =IFERROR(STDEV(C6:G6),"") -> 0.0077136243 | J6: 55.69
A7: 2 | B7: 2 | C7: 0.227 | D7: 0.211 | E7: 0.21 | F7: 0.21 | G7: 0.225 | H7: =IFERROR(AVERAGE(C7:G7),"") -> 0.2166 | I7: =IFERROR(STDEV(C7:G7),"") -> 0.0086197448 | J7: 55.66
A8: 3 | B8: 3 | C8: 0.246 | D8: 0.229 | E8: 0.214 | F8: 0.21 | G8: 0.231 | H8: =IFERROR(AVERAGE(C8:G8),"") -> 0.226 | I8: =IFERROR(STDEV(C8:G8),"") -> 0.014439529 | J8: 55.7
A9: 4 | B9: 5 | C9: 0.232 | D9: 0.221 | E9: 0.233 | F9: 0.222 | G9: 0.213 | H9: =IFERROR(AVERAGE(C9:G9),"") -> 0.2242 | I9: =IFERROR(STDEV(C9:G9),"") -> 0.0083486526 | J9: 55.77
A10: 5 | B10: 10 | C10: 0.263 | D10: 0.242 | E10: 0.235 | F10: 0.245 | G10: 0.239 | H10: =IFERROR(AVERAGE(C10:G10),"") -> 0.2448 | I10: =IFERROR(STDEV(C10:G10),"") -> 0.010825895 | J10: 55.91
A11: 6 | B11: 15 | C11: 0.235 | D11: 0.235 | E11: 0.242 | F11: 0.241 | G11: 0.242 | H11: =IFERROR(AVERAGE(C11:G11),"") -> 0.239 | I11: =IFERROR(STDEV(C11:G11),"") -> 0.0036742346 | J11: 56.03
A12: 7 | B12: 20 | C12: 0.265 | D12: 0.255 | E12: 0.242 | F12: 0.224 | G12: 0.224 | H12: =IFERROR(AVERAGE(C12:G12),"") -> 0.242 | I12: =IFERROR(STDEV(C12:G12),"") -> 0.018343936 | J12: 56.16
A13: 8 | B13: 30 | C13: 0.266 | D13: 0.264 | E13: 0.262 | F13: 0.247 | G13: 0.258 | H13: =IFERROR(AVERAGE(C13:G13),"") -> 0.2594 | I13: =IFERROR(STDEV(C13:G13),"") -> 0.0075365775 | J13: 55.41
A16: Без индексов (только PK)
A17: № | B17: sel2, % | C17: t1, мс | D17: t2, мс | E17: t3, мс | F17: t4, мс | G17: t5, мс | H17: avg, мс | I17: σ, мс | J17: cost
A18: 1 | B18: 1 | C18: 0.267 | D18: 0.252 | E18: 0.251 | F18: 0.239 | G18: 0.237 | H18: =IFERROR(AVERAGE(C18:G18),"") -> 0.2492 | I18: =IFERROR(STDEV(C18:G18),"") -> 0.012049896 | J18: 55.69
A19: 2 | B19: 2 | C19: 0.258 | D19: 0.241 | E19: 0.239 | F19: 0.234 | G19: 0.234 | H19: =IFERROR(AVERAGE(C19:G19),"") -> 0.2412 | I19: =IFERROR(STDEV(C19:G19),"") -> 0.009884331 | J19: 55.66
A20: 3 | B20: 3 | C20: 0.252 | D20: 0.236 | E20: 0.274 | F20: 0.244 | G20: 0.233 | H20: =IFERROR(AVERAGE(C20:G20),"") -> 0.2478 | I20: =IFERROR(STDEV(C20:G20),"") -> 0.016407315 | J20: 55.7
A21: 4 | B21: 5 | C21: 0.249 | D21: 0.227 | E21: 0.21 | F21: 0.21 | G21: 0.21 | H21: =IFERROR(AVERAGE(C21:G21),"") -> 0.2212 | I21: =IFERROR(STDEV(C21:G21),"") -> 0.01719593 | J21: 55.77
A22: 5 | B22: 10 | C22: 0.244 | D22: 0.247 | E22: 0.254 | F22: 0.246 | G22: 0.233 | H22: =IFERROR(AVERAGE(C22:G22),"") -> 0.2448 | I22: =IFERROR(STDEV(C22:G22),"") -> 0.0075960516 | J22: 55.91
A23: 6 | B23: 15 | C23: 0.233 | D23: 0.22 | E23: 0.221 | F23: 0.22 | G23: 0.221 | H23: =IFERROR(AVERAGE(C23:G23),"") -> 0.223 | I23: =IFERROR(STDEV(C23:G23),"") -> 0.0056124861 | J23: 56.03
A24: 7 | B24: 20 | C24: 0.235 | D24: 0.248 | E24: 0.254 | F24: 0.674 | G24: 0.306 | H24: =IFERROR(AVERAGE(C24:G24),"") -> 0.3434 | I24: =IFERROR(STDEV(C24:G24),"") -> 0.18677473 | J24: 56.16
A25: 8 | B25: 30 | C25: 0.292 | D25: 0.261 | E25: 0.238 | F25: 0.229 | G25: 0.228 | H25: =IFERROR(AVERAGE(C25:G25),"") -> 0.2496 | I25: =IFERROR(STDEV(C25:G25),"") -> 0.027171676 | J25: 56.41
A28: Сводная (для графиков)
A29: sel2, % | B29: avg_idx, мс | C29: avg_noidx, мс | D29: cost_idx | E29: cost_noidx | F29: speedup, раз
A30: =B6 -> 1 | B30: =H6 -> 0.254 | C30: =H18 -> 0.2492 | D30: =J6 -> 55.69 | E30: =J18 -> 55.69 | F30: =IFERROR(C30/B30,"") -> 0.98110236
A31: =B7 -> 2 | B31: =H7 -> 0.2166 | C31: =H19 -> 0.2412 | D31: =J7 -> 55.66 | E31: =J19 -> 55.66 | F31: =IFERROR(C31/B31,"") -> 1.1135734
A32: =B8 -> 3 | B32: =H8 -> 0.226 | C32: =H20 -> 0.2478 | D32: =J8 -> 55.7 | E32: =J20 -> 55.7 | F32: =IFERROR(C32/B32,"") -> 1.0964602
A33: =B9 -> 5 | B33: =H9 -> 0.2242 | C33: =H21 -> 0.2212 | D33: =J9 -> 55.77 | E33: =J21 -> 55.77 | F33: =IFERROR(C33/B33,"") -> 0.98661909
A34: =B10 -> 10 | B34: =H10 -> 0.2448 | C34: =H22 -> 0.2448 | D34: =J10 -> 55.91 | E34: =J22 -> 55.91 | F34: =IFERROR(C34/B34,"") -> 1
A35: =B11 -> 15 | B35: =H11 -> 0.239 | C35: =H23 -> 0.223 | D35: =J11 -> 56.03 | E35: =J23 -> 56.03 | F35: =IFERROR(C35/B35,"") -> 0.93305439
A36: =B12 -> 20 | B36: =H12 -> 0.242 | C36: =H24 -> 0.3434 | D36: =J12 -> 56.16 | E36: =J24 -> 56.16 | F36: =IFERROR(C36/B36,"") -> 1.4190083
A37: =B13 -> 30 | B37: =H13 -> 0.2594 | C37: =H25 -> 0.2496 | D37: =J13 -> 55.41 | E37: =J25 -> 56.41 | F37: =IFERROR(C37/B37,"") -> 0.96222051

Sheet 3.2 — sel внешней
A1: Серия: 3.2 — sel внешней
A2: Зафиксировано: n_students = 1000, n_trainings = 1000, sel2 = 10 %
A4: С индексами (GIN + BRIN)
A5: № | B5: sel1, % | C5: t1, мс | D5: t2, мс | E5: t3, мс | F5: t4, мс | G5: t5, мс | H5: avg, мс | I5: σ, мс | J5: cost
A6: 1 | B6: 1 | C6: 0.289 | D6: 0.243 | E6: 0.225 | F6: 0.216 | G6: 0.22 | H6: =IFERROR(AVERAGE(C6:G6),"") -> 0.2386 | I6: =IFERROR(STDEV(C6:G6),"") -> 0.030005 | J6: 54.91
A7: 2 | B7: 2 | C7: 0.52 | D7: 0.263 | E7: 0.245 | F7: 0.244 | G7: 0.243 | H7: =IFERROR(AVERAGE(C7:G7),"") -> 0.303 | I7: =IFERROR(STDEV(C7:G7),"") -> 0.12158742 | J7: 54.91
A8: 3 | B8: 3 | C8: 0.39 | D8: 0.5 | E8: 0.492 | F8: 0.513 | G8: 0.485 | H8: =IFERROR(AVERAGE(C8:G8),"") -> 0.476 | I8: =IFERROR(STDEV(C8:G8),"") -> 0.049188413 | J8: 54.91
A9: 4 | B9: 5 | C9: 0.27 | D9: 0.245 | E9: 0.246 | F9: 0.231 | G9: 0.244 | H9: =IFERROR(AVERAGE(C9:G9),"") -> 0.2472 | I9: =IFERROR(STDEV(C9:G9),"") -> 0.014131525 | J9: 55.91
A10: 5 | B10: 10 | C10: 0.32 | D10: 0.243 | E10: 0.24 | F10: 0.24 | G10: 0.237 | H10: =IFERROR(AVERAGE(C10:G10),"") -> 0.256 | I10: =IFERROR(STDEV(C10:G10),"") -> 0.035839922 | J10: 55.91
A11: 6 | B11: 15 | C11: 0.247 | D11: 0.23 | E11: 0.23 | F11: 0.232 | G11: 0.212 | H11: =IFERROR(AVERAGE(C11:G11),"") -> 0.2302 | I11: =IFERROR(STDEV(C11:G11),"") -> 0.012417729 | J11: 55.91
A12: 7 | B12: 20 | C12: 0.259 | D12: 0.238 | E12: 0.22 | F12: 0.238 | G12: 0.236 | H12: =IFERROR(AVERAGE(C12:G12),"") -> 0.2382 | I12: =IFERROR(STDEV(C12:G12),"") -> 0.013863621 | J12: 55.91
A13: 8 | B13: 30 | C13: 0.247 | D13: 0.227 | E13: 0.221 | F13: 0.235 | G13: 0.232 | H13: =IFERROR(AVERAGE(C13:G13),"") -> 0.2324 | I13: =IFERROR(STDEV(C13:G13),"") -> 0.0097365292 | J13: 55.91
A16: Без индексов (только PK)
A17: № | B17: sel1, % | C17: t1, мс | D17: t2, мс | E17: t3, мс | F17: t4, мс | G17: t5, мс | H17: avg, мс | I17: σ, мс | J17: cost
A18: 1 | B18: 1 | C18: 0.259 | D18: 0.244 | E18: 0.243 | F18: 0.242 | G18: 0.244 | H18: =IFERROR(AVERAGE(C18:G18),"") -> 0.2464 | I18: =IFERROR(STDEV(C18:G18),"") -> 0.0070922493 | J18: 54.91
A19: 2 | B19: 2 | C19: 0.231 | D19: 0.223 | E19: 0.223 | F19: 0.244 | G19: 0.226 | H19: =IFERROR(AVERAGE(C19:G19),"") -> 0.2294 | I19: =IFERROR(STDEV(C19:G19),"") -> 0.0087920419 | J19: 54.91
A20: 3 | B20: 3 | C20: 0.227 | D20: 0.217 | E20: 0.217 | F20: 0.246 | G20: 0.242 | H20: =IFERROR(AVERAGE(C20:G20),"") -> 0.2298 | I20: =IFERROR(STDEV(C20:G20),"") -> 0.013663821 | J20: 54.91
A21: 4 | B21: 5 | C21: 0.435 | D21: 0.359 | E21: 0.489 | F21: 0.387 | G21: 0.594 | H21: =IFERROR(AVERAGE(C21:G21),"") -> 0.4528 | I21: =IFERROR(STDEV(C21:G21),"") -> 0.093130017 | J21: 55.91
A22: 5 | B22: 10 | C22: 0.848 | D22: 0.481 | E22: 0.495 | F22: 0.462 | G22: 0.479 | H22: =IFERROR(AVERAGE(C22:G22),"") -> 0.553 | I22: =IFERROR(STDEV(C22:G22),"") -> 0.16532544 | J22: 54.91
A23: 6 | B23: 15 | C23: 0.512 | D23: 0.585 | E23: 0.504 | F23: 0.247 | G23: 0.237 | H23: =IFERROR(AVERAGE(C23:G23),"") -> 0.417 | I23: =IFERROR(STDEV(C23:G23),"") -> 0.16287879 | J23: 55.91
A24: 7 | B24: 20 | C24: 0.248 | D24: 0.238 | E24: 0.328 | F24: 0.247 | G24: 0.243 | H24: =IFERROR(AVERAGE(C24:G24),"") -> 0.2608 | I24: =IFERROR(STDEV(C24:G24),"") -> 0.037771683 | J24: 55.91
A25: 8 | B25: 30 | C25: 0.252 | D25: 0.238 | E25: 0.23 | F25: 0.21 | G25: 0.21 | H25: =IFERROR(AVERAGE(C25:G25),"") -> 0.228 | I25: =IFERROR(STDEV(C25:G25),"") -> 0.018220867 | J25: 55.91
A28: Сводная (для графиков)
A29: sel1, % | B29: avg_idx, мс | C29: avg_noidx, мс | D29: cost_idx | E29: cost_noidx | F29: speedup, раз
A30: =B6 -> 1 | B30: =H6 -> 0.2386 | C30: =H18 -> 0.2464 | D30: =J6 -> 54.91 | E30: =J18 -> 54.91 | F30: =IFERROR(C30/B30,"") -> 1.0326907
A31: =B7 -> 2 | B31: =H7 -> 0.303 | C31: =H19 -> 0.2294 | D31: =J7 -> 54.91 | E31: =J19 -> 54.91 | F31: =IFERROR(C31/B31,"") -> 0.75709571
A32: =B8 -> 3 | B32: =H8 -> 0.476 | C32: =H20 -> 0.2298 | D32: =J8 -> 54.91 | E32: =J20 -> 54.91 | F32: =IFERROR(C32/B32,"") -> 0.48277311
A33: =B9 -> 5 | B33: =H9 -> 0.2472 | C33: =H21 -> 0.4528 | D33: =J9 -> 55.91 | E33: =J21 -> 55.91 | F33: =IFERROR(C33/B33,"") -> 1.8317152
A34: =B10 -> 10 | B34: =H10 -> 0.256 | C34: =H22 -> 0.553 | D34: =J10 -> 55.91 | E34: =J22 -> 54.91 | F34: =IFERROR(C34/B34,"") -> 2.1601563
A35: =B11 -> 15 | B35: =H11 -> 0.2302 | C35: =H23 -> 0.417 | D35: =J11 -> 55.91 | E35: =J23 -> 55.91 | F35: =IFERROR(C35/B35,"") -> 1.8114683
A36: =B12 -> 20 | B36: =H12 -> 0.2382 | C36: =H24 -> 0.2608 | D36: =J12 -> 55.91 | E36: =J24 -> 55.91 | F36: =IFERROR(C36/B36,"") -> 1.0948783
A37: =B13 -> 30 | B37: =H13 -> 0.2324 | C37: =H25 -> 0.228 | D37: =J13 -> 55.91 | E37: =J25 -> 55.91 | F37: =IFERROR(C37/B37,"") -> 0.98106713

Sheet 3.3 — количество
A1: Серия: 3.3 — количество
A2: Зафиксировано: sel1 = sel2 = 10 %, n_students = n_trainings = N
A4: С индексами (GIN + BRIN)
A5: № | B5: N (записей) | C5: t1, мс | D5: t2, мс | E5: t3, мс | F5: t4, мс | G5: t5, мс | H5: avg, мс | I5: σ, мс | J5: cost
A6: 1 | B6: 100 | C6: 0.038 | D6: 0.029 | E6: 0.028 | F6: 0.027 | G6: 0.027 | H6: =IFERROR(AVERAGE(C6:G6),"") -> 0.0298 | I6: =IFERROR(STDEV(C6:G6),"") -> 0.0046583259 | J6: 6.84
A7: 2 | B7: 1000 | C7: 0.266 | D7: 0.241 | E7: 0.226 | F7: 0.214 | G7: 0.214 | H7: =IFERROR(AVERAGE(C7:G7),"") -> 0.2322 | I7: =IFERROR(STDEV(C7:G7),"") -> 0.021913466 | J7: 55.91
A8: 3 | B8: 10000 | C8: 2.52 | D8: 2.416 | E8: 2.312 | F8: 2.693 | G8: 2.715 | H8: =IFERROR(AVERAGE(C8:G8),"") -> 2.5312 | I8: =IFERROR(STDEV(C8:G8),"") -> 0.17421739 | J8: 443.4
A9: 4 | B9: 100000 | C9: 24.372 | D9: 24.204 | E9: 24.467 | F9: 24.618 | G9: 24.584 | H9: =IFERROR(AVERAGE(C9:G9),"") -> 24.449 | I9: =IFERROR(STDEV(C9:G9),"") -> 0.16812495 | J9: 4115.3
A10: 5 | B10: 1000000 | C10: 287.031 | D10: 272.676 | E10: 270.067 | F10: 269.066 | G10: 269.462 | H10: =IFERROR(AVERAGE(C10:G10),"") -> 273.6604 | I10: =IFERROR(STDEV(C10:G10),"") -> 7.6057476 | J10: 28942.2
A13: Без индексов (только PK)
A14: № | B14: N (записей) | C14: t1, мс | D14: t2, мс | E14: t3, мс | F14: t4, мс | G14: t5, мс | H14: avg, мс | I14: σ, мс | J14: cost
A15: 1 | B15: 100 | C15: 0.029 | D15: 0.027 | E15: 0.024 | F15: 0.023 | G15: 0.023 | H15: =IFERROR(AVERAGE(C15:G15),"") -> 0.0252 | I15: =IFERROR(STDEV(C15:G15),"") -> 0.0026832816 | J15: 6.83
A16: 2 | B16: 1000 | C16: 0.237 | D16: 0.215 | E16: 0.216 | F16: 0.223 | G16: 0.234 | H16: =IFERROR(AVERAGE(C16:G16),"") -> 0.225 | I16: =IFERROR(STDEV(C16:G16),"") -> 0.010124228 | J16: 55.91
A17: 3 | B17: 10000 | C17: 2.244 | D17: 2.279 | E17: 2.331 | F17: 2.258 | G17: 2.301 | H17: =IFERROR(AVERAGE(C17:G17),"") -> 2.2826 | I17: =IFERROR(STDEV(C17:G17),"") -> 0.034602023 | J17: 541.65
A18: 4 | B18: 100000 | C18: 23.423 | D18: 24.107 | E18: 22.695 | F18: 22.78 | G18: 24.796 | H18: =IFERROR(AVERAGE(C18:G18),"") -> 23.5602 | I18: =IFERROR(STDEV(C18:G18),"") -> 0.8947484 | J18: 5414.3
A19: 5 | B19: 1000000 | C19: 197.956 | D19: 197.509 | E19: 195.182 | F19: 195.933 | G19: 195.436 | H19: =IFERROR(AVERAGE(C19:G19),"") -> 196.4032 | I19: =IFERROR(STDEV(C19:G19),"") -> 1.2531834 | J19: 48836.85
A22: Сводная (для графиков)
A23: N (записей) | B23: avg_idx, мс | C23: avg_noidx, мс | D23: cost_idx | E23: cost_noidx | F23: speedup, раз
A24: =B6 -> 100 | B24: =H6 -> 0.0298 | C24: =H15 -> 0.0252 | D24: =J6 -> 6.84 | E24: =J15 -> 6.83 | F24: =IFERROR(C24/B24,"") -> 0.84563758
A25: =B7 -> 1000 | B25: =H7 -> 0.2322 | C25: =H16 -> 0.225 | D25: =J7 -> 55.91 | E25: =J16 -> 55.91 | F25: =IFERROR(C25/B25,"") -> 0.96899225
A26: =B8 -> 10000 | B26: =H8 -> 2.5312 | C26: =H17 -> 2.2826 | D26: =J8 -> 443.4 | E26: =J17 -> 541.65 | F26: =IFERROR(C26/B26,"") -> 0.90178571
A27: =B9 -> 100000 | B27: =H9 -> 24.449 | C27: =H18 -> 23.5602 | D27: =J9 -> 4115.3 | E27: =J18 -> 5414.3 | F27: =IFERROR(C27/B27,"") -> 0.96364677
A28: =B10 -> 1000000 | B28: =H10 -> 273.6604 | C28: =H19 -> 196.4032 | D28: =J10 -> 28942.2 | E28: =J19 -> 48836.85 | F28: =IFERROR(C28/B28,"") -> 0.71768952

Sheet Сводка
A1: Сводка по всем сериям
A4: № | B4: Серия | C4: Что варьируется | D4: Точек измерения | E4: Среднее avg_idx, мс | F4: Среднее avg_noidx, мс | G4: Сред. cost_idx | H4: Сред. cost_noidx | I4: Сред. speedup, раз
A5: 1 | B5: 3.1 | C5: Селективность подзапроса (tab2) | D5: 8 | E5: =IFERROR(AVERAGE('3.1 — sel подзапроса'!B30:B37),"") -> 0.23825 | F5: =IFERROR(AVERAGE('3.1 — sel подзапроса'!C30:C37),"") -> 0.252525 | G5: =IFERROR(AVERAGE('3.1 — sel подзапроса'!D30:D37),"") -> 55.79125 | H5: =IFERROR(AVERAGE('3.1 — sel подзапроса'!E30:E37),"") -> 55.91625 | I5: =IFERROR(AVERAGE('3.1 — sel подзапроса'!F30:F37),"") -> 1.0615048
A6: 2 | B6: 3.2 | C6: Селективность внешней (tab1) | D6: 8 | E6: =IFERROR(AVERAGE('3.2 — sel внешней'!B30:B37),"") -> 0.2777 | F6: =IFERROR(AVERAGE('3.2 — sel внешней'!C30:C37),"") -> 0.32715 | G6: =IFERROR(AVERAGE('3.2 — sel внешней'!D30:D37),"") -> 55.535 | H6: =IFERROR(AVERAGE('3.2 — sel внешней'!E30:E37),"") -> 55.41 | I6: =IFERROR(AVERAGE('3.2 — sel внешней'!F30:F37),"") -> 1.2689806
A7: 3 | B7: 3.3 | C7: Количество записей N | D7: 5 | E7: =IFERROR(AVERAGE('3.3 — количество'!B24:B28),"") -> 60.18052 | F7: =IFERROR(AVERAGE('3.3 — количество'!C24:C28),"") -> 44.49924 | G7: =IFERROR(AVERAGE('3.3 — количество'!D24:D28),"") -> 6712.73 | H7: =IFERROR(AVERAGE('3.3 — количество'!E24:E28),"") -> 10971.108 | I7: =IFERROR(AVERAGE('3.3 — количество'!F24:F28),"") -> 0.87955037
